ALABAMA,February,Sleet
ALABAMA,October,Dense Fog
ALASKA,January,Astronomical Low Tide
ALASKA,May,Winter Storm
AMERICAN SAMOA,July,Strong Wind
ARIZONA,August,Strong Wind
ARIZONA,August,Debris Flow
ARIZONA,July,Avalanche
ARIZONA,March,Flash Flood
ARKANSAS,February,Funnel Cloud
ARKANSAS,August,Funnel Cloud
ATLANTIC NORTH,March,Marine High Wind
ATLANTIC NORTH,February,Marine High Wind
ATLANTIC SOUTH,March,Marine High Wind
ATLANTIC SOUTH,January,Marine Strong Wind
ATLANTIC SOUTH,May,Marine Strong Wind
CALIFORNIA,August,Dense Smoke
CALIFORNIA,October,Avalanche
CALIFORNIA,July,Dust Storm
CALIFORNIA,June,Sneakerwave
CALIFORNIA,June,Dust Devil
CALIFORNIA,April,Rip Current
CALIFORNIA,January,Sneakerwave
COLORADO,September,Dust Storm
COLORADO,January,Dust Storm
COLORADO,February,Dust Storm
CONNECTICUT,May,Flash Flood
CONNECTICUT,February,Coastal Flood
DELAWARE,June,Tornado
DELAWARE,September,Funnel Cloud
DELAWARE,June,Tsunami
DELAWARE,May,Astronomical Low Tide
DELAWARE,July,Flood
DISTRICT OF COLUMBIA,May,Flash Flood
DISTRICT OF COLUMBIA,March,Winter Weather
DISTRICT OF COLUMBIA,January,Dense Fog
DISTRICT OF COLUMBIA,October,Frost/Freeze
DISTRICT OF COLUMBIA,July,Excessive Heat
E PACIFIC,October,Marine Strong Wind
E PACIFIC,April,Marine High Wind
E PACIFIC,May,Marine Strong Wind
FLORIDA,April,Debris Flow
GEORGIA,August,Wildfire
GEORGIA,August,Coastal Flood
GEORGIA,February,Dense Fog
GUAM,September,High Wind
GUAM,October,Hurricane
GUAM,July,Lightning
GUAM,October,High Surf
GUAM,September,Strong Wind
GULF OF MEXICO,June,Marine Dense Fog
GULF OF MEXICO,February,Marine High Wind
GULF OF MEXICO,February,Marine Hail
GULF OF MEXICO,March,Marine Hail
HAWAII,August,Dust Devil
HAWAII,October,Funnel Cloud
HAWAII,March,Debris Flow
HAWAII,April,Wildfire
IDAHO,October,Lightning
IDAHO,October,Winter Weather
IDAHO,May,Dust Devil
IDAHO,April,Dust Storm
IDAHO,April,Winter Weather
IDAHO,September,Winter Weather
IDAHO,February,Dense Fog
INDIANA,January,Funnel Cloud
INDIANA,April,Dense Fog
INDIANA,July,Rip Current
IOWA,October,Dense Fog
KANSAS,January,Dust Storm
KANSAS,September,Dust Storm
KANSAS,February,Dust Storm
KENTUCKY,August,Funnel Cloud
LAKE ST CLAIR,January,Marine Thunderstorm Wind
LOUISIANA,January,Heavy Snow
LOUISIANA,September,Heavy Rain
LOUISIANA,February,Astronomical Low Tide
LOUISIANA,February,Funnel Cloud
MAINE,January,Thunderstorm Wind
MAINE,September,Tornado
MASSACHUSETTS,May,Tornado
MASSACHUSETTS,September,Tornado
MICHIGAN,May,Winter Storm
MICHIGAN,April,Dense Fog
MISSOURI,February,Lightning
MISSOURI,January,Funnel Cloud
MISSOURI,March,Heavy Rain
MONTANA,July,Dust Devil
MONTANA,May,Debris Flow
MONTANA,September,Strong Wind
MONTANA,June,Strong Wind
MONTANA,July,Debris Flow
MONTANA,May,Strong Wind
MONTANA,April,Strong Wind
MONTANA,September,Astronomical Low Tide
NEBRASKA,October,Flash Flood
NEBRASKA,April,Strong Wind
NEVADA,January,Extreme Cold/Wind Chill
NEVADA,June,Lightning
NEVADA,August,Wildfire
NEVADA,March,Dust Devil
NEVADA,January,Frost/Freeze
NEVADA,September,Debris Flow
NEVADA,January,Blizzard
NEVADA,June,Wildfire
NEVADA,August,Strong Wind
NEVADA,June,Dust Storm
NEW HAMPSHIRE,May,Coastal Flood
NEW JERSEY,October,Tornado
NEW JERSEY,July,Tornado
NEW JERSEY,September,Excessive Heat
NEW JERSEY,August,Dense Fog
NEW JERSEY,August,Tornado
NEW JERSEY,October,Funnel Cloud
NEW MEXICO,May,Lightning
NEW MEXICO,June,Strong Wind
NEW MEXICO,March,Dust Storm
NEW MEXICO,May,Dust Devil
NEW MEXICO,July,Dust Storm
NEW MEXICO,September,Funnel Cloud
NEW MEXICO,May,Dust Storm
NEW MEXICO,October,Avalanche
NEW MEXICO,March,Strong Wind
NEW MEXICO,June,Heavy Rain
NEW YORK,September,Excessive Heat
NORTH CAROLINA,June,Storm Surge/Tide
NORTH CAROLINA,January,Debris Flow
NORTH CAROLINA,March,Coastal Flood
NORTH CAROLINA,March,High Surf
NORTH CAROLINA,July,Debris Flow
OHIO,February,Dense Fog
OHIO,June,Funnel Cloud
OHIO,March,Lake-Effect Snow
OHIO,October,Lake-Effect Snow
OKLAHOMA,July,Tornado
OREGON,September,Strong Wind
OREGON,May,Wildfire
OREGON,September,Flood
OREGON,June,Rip Current
PENNSYLVANIA,August,Debris Flow
PENNSYLVANIA,May,Astronomical Low Tide
PENNSYLVANIA,March,Lake-Effect Snow
PUERTO RICO,January,Coastal Flood
PUERTO RICO,August,Hail
PUERTO RICO,July,Lightning
PUERTO RICO,March,Rip Current
PUERTO RICO,October,Tornado
RHODE ISLAND,September,Hail
SOUTH CAROLINA,June,Rip Current
SOUTH CAROLINA,October,Funnel Cloud
SOUTH CAROLINA,July,Coastal Flood
SOUTH CAROLINA,August,Coastal Flood
SOUTH DAKOTA,October,Flash Flood
SOUTH DAKOTA,May,Winter Weather
SOUTH DAKOTA,June,Dense Fog
TENNESSEE,May,Strong Wind
TENNESSEE,January,Heavy Rain
TENNESSEE,April,Heavy Rain
TENNESSEE,January,Funnel Cloud
TEXAS,May,Excessive Heat
TEXAS,September,Coastal Flood
TEXAS,July,Cold/Wind Chill
TEXAS,August,Strong Wind
UTAH,April,Avalanche
UTAH,October,Strong Wind
UTAH,March,Lake-Effect Snow
UTAH,July,Debris Flow
UTAH,July,Heat
UTAH,January,Ice Storm
VERMONT,October,Thunderstorm Wind
VIRGIN ISLANDS,September,Flood
VIRGIN ISLANDS,May,Thunderstorm Wind
VIRGINIA,September,Dust Devil
VIRGINIA,June,High Wind
VIRGINIA,October,Freezing Fog
VIRGINIA,March,Coastal Flood
VIRGINIA,July,Debris Flow
WASHINGTON,September,Flood
WASHINGTON,September,Debris Flow
WASHINGTON,March,Tornado
WASHINGTON,September,Funnel Cloud
WASHINGTON,June,Debris Flow
WASHINGTON,September,Heavy Snow
WEST VIRGINIA,April,Lightning
WEST VIRGINIA,March,Ice Storm
WEST VIRGINIA,August,Flood
WISCONSIN,January,Flood
WISCONSIN,August,Astronomical Low Tide
WISCONSIN,August,Dust Devil
WISCONSIN,March,Cold/Wind Chill
